<?xml version="1.0" encoding="UTF-8"?>
<root>
  <item name="com.facebook.shimmer.Shimmer direction">
    <annotation name="androidx.annotation.IntDef">
      <val name="value" val="{com.facebook.shimmer.Shimmer.Direction.LEFT_TO_RIGHT, com.facebook.shimmer.Shimmer.Direction.TOP_TO_BOTTOM, com.facebook.shimmer.Shimmer.Direction.RIGHT_TO_LEFT, com.facebook.shimmer.Shimmer.Direction.BOTTOM_TO_TOP}" />
    </annotation>
  </item>
  <item name="com.facebook.shimmer.Shimmer shape">
    <annotation name="androidx.annotation.IntDef">
      <val name="value" val="{com.facebook.shimmer.Shimmer.Shape.LINEAR, com.facebook.shimmer.Shimmer.Shape.RADIAL}" />
    </annotation>
  </item>
  <item name="com.facebook.shimmer.Shimmer.Builder T setDirection(int) 0">
    <annotation name="androidx.annotation.IntDef">
      <val name="value" val="{com.facebook.shimmer.Shimmer.Direction.LEFT_TO_RIGHT, com.facebook.shimmer.Shimmer.Direction.TOP_TO_BOTTOM, com.facebook.shimmer.Shimmer.Direction.RIGHT_TO_LEFT, com.facebook.shimmer.Shimmer.Direction.BOTTOM_TO_TOP}" />
    </annotation>
  </item>
  <item name="com.facebook.shimmer.Shimmer.Builder T setShape(int) 0">
    <annotation name="androidx.annotation.IntDef">
      <val name="value" val="{com.facebook.shimmer.Shimmer.Shape.LINEAR, com.facebook.shimmer.Shimmer.Shape.RADIAL}" />
    </annotation>
  </item>
  <item name="com.facebook.shimmer.Shimmer.Direction">
    <annotation name="androidx.annotation.IntDef">
      <val name="value" val="{com.facebook.shimmer.Shimmer.Direction.LEFT_TO_RIGHT, com.facebook.shimmer.Shimmer.Direction.TOP_TO_BOTTOM, com.facebook.shimmer.Shimmer.Direction.RIGHT_TO_LEFT, com.facebook.shimmer.Shimmer.Direction.BOTTOM_TO_TOP}" />
    </annotation>
  </item>
  <item name="com.facebook.shimmer.Shimmer.Shape">
    <annotation name="androidx.annotation.IntDef">
      <val name="value" val="{com.facebook.shimmer.Shimmer.Shape.LINEAR, com.facebook.shimmer.Shimmer.Shape.RADIAL}" />
    </annotation>
  </item>
</root>

